Workbook

Sheet Raw_Property_Data
A1: Raw Property Listing Data (as received - unclean)
A2: Analyze a massive unstructured dataset of a property list for Manresa Real Estate. Student must use Power Query to remove the duplicates and handle the missing zip code, and standardize text formatting, and use to VLOOKUP and XLOOKUP to merge a properly data with historical sale records.
A4: Property ID | B4: Address | C4: City | D4: State | E4: ZIP Code | F4: Price | G4: Bedrooms | H4: Property Type | I4: Sale Date
A5: 1004 | B5: 109 Elm St | C5: Fort Worth | D5: TX | E5: 78703 | F5: 220111 | G5: 4 | H5: HOUSE | I5: 2024-03-15
A6: 1006 | B6: 115 Birch Blvd | C6: AUSTIN | D6: TX | E6: 78705 | F6: 269724 | G6: 2 | H6: apartment | I6: 2024-03-15
A7: 1011 | B7: 130 Elm St | C7: HOUSTON | D7: TX | E7: 78710 | F7: $390,980 | G7: 3 | H7: HOUSE | I7: 15-Mar-2024
A8: 1015 | B8: 142 Sunset Dr | C8: Dallas | D8: TX | F8: $477,287 | G8: 3 | H8: HOUSE | I8: 15-Mar-2024
A9: 1003 | B9: 106 Oak Ave | C9: dallas | D9: TX | F9: $201,279 | G9: 5 | H9: house | I9: 15-Mar-2024
A10: 1011 | B10: 130 Elm St | C10: HOUSTON | D10: TX | E10: 78710 | F10: $390,980 | G10: 3 | H10: HOUSE | I10: 15-Mar-2024
A11: 1007 | B11: 118 Lake View Dr | C11: HOUSTON | D11: TX | E11: 78706 | F11: $294,527 | G11: 5 | H11: house | I11: 2024-03-15
A12: 1012 | B12: 133 Elm St | C12: Dallas | D12: TX | E12: 78711 | F12: 410716 | G12: 3 | H12: HOUSE | I12: 03/15/2024
A13: 1002 | B13: 103 Oak Ave | C13: FORT WORTH | D13: TX | E13: 78701 | F13: 179174 | G13: 4 | H13: house | I13: 03/15/2024
A14: 1001 | B14: 100 Oak Ave | C14: Austin | D14: tx | E14: 78700 | F14: $150,012 | G14: 3 | H14: CONDO | I14: 15-Mar-2024
A15: 1016 | B15: 145 Cedar Ln | C15: Fort Worth | D15: TX | E15: 78715 | F15: 508060 | G15: 4 | H15: apartment | I15: 03/15/2024
A16: 1005 | B16: 112 Maple St | C16: Dallas | D16: tx | E16: 78704 | F16: $245,574 | G16: 3 | H16: CONDO | I16: 03/15/2024
A17: 1009 | B17: 124 Oak Ave | C17: austin | D17: tx | E17: 78708 | F17: $338,741 | G17: 2 | H17: CONDO | I17: 03/15/2024
A18: 1008 | B18: 121 Oak Ave | C18: Fort Worth | D18: TX | E18: 78707 | F18: 316425 | G18: 5 | H18: CONDO | I18: 15-Mar-2024
A19: 1010 | B19: 127 Willow Ct | C19: Houston | D19: TX | F19: 363477 | G19: 3 | H19: apartment | I19: 2024-03-15
A20: 1017 | B20: 148 Pine Rd | C20: Fort Worth | D20: tx | E20: 78716 | F20: $523,489 | G20: 2 | H20: house | I20: 03/15/2024
A21: 1013 | B21: 136 Birch Blvd | C21: austin | D21: tx | E21: 78712 | F21: $428,525 | G21: 3 | H21: TownHouse | I21: 2024-03-15
A22: 1003 | B22: 106 Oak Ave | C22: dallas | D22: TX | F22: $201,279 | G22: 5 | H22: house | I22: 15-Mar-2024
A23: 1014 | B23: 139 Oak Ave | C23: Dallas | D23: TX | E23: 78713 | F23: 454983 | G23: 4 | H23: TownHouse | I23: 15-Mar-2024
A24: 1006 | B24: 115 Birch Blvd | C24: AUSTIN | D24: TX | E24: 78705 | F24: 269724 | G24: 2 | H24: apartment | I24: 2024-03-15

Sheet Historical_Sales
A1: Historical Sales Data (as received - unclean)
A4: Property ID | B4: Previous Sale Price | C4: Sale Date
A5: 1006 | B5: $227,504 | C5: 2021-01-10
A6: 1015 | B6: 407646 | C6: 10-Jan-2021
A7: 1001 | B7: 133689 | C7: 01/10/2021
A8: 1012 | B8: $354,813 | C8: 2021-01-10
A9: 1014 | B9: $393,005 | C9: 01/10/2021
A10: 1005 | B10: 206832 | C10: 2021-01-10
A11: 1009 | B11: 290038 | C11: 01/10/2021
A12: 1003 | B12: 165949 | C12: 01/10/2021
A13: 1011 | B13: 334295 | C13: 01/10/2021
A14: 1002 | B14: $146,403 | C14: 10-Jan-2021
A15: 1007 | B15: 252962 | C15: 01/10/2021
A16: 1017 | B16: 453727 | C16: 01/10/2021
A17: 1010 | B17: $307,103 | C17: 10-Jan-2021
A18: 1008 | B18: $272,787 | C18: 10-Jan-2021

Sheet Cleaned_Property_Data
A1: Cleaned Property Data (every cell below is a formula pulling from Raw_Property_Data)
A2: Keep/Remove flags the duplicate to drop (keeps the first occurrence, same as Power Query's Remove Duplicates).
A4: Property ID | B4: Address (Cleaned) | C4: City (Cleaned) | D4: State (Cleaned) | E4: ZIP Code (Cleaned) | F4: Price (Cleaned) | G4: Bedrooms | H4: Property Type (Cleaned) | I4: Sale Date (Cleaned) | J4: Duplicate Check | K4: Missing ZIP Flag
A5: =TEXT(Raw_Property_Data!A5,"0") -> 1004 | B5: =TRIM(CLEAN(Raw_Property_Data!B5)) -> 109 Elm St | C5: =PROPER(TRIM(Raw_Property_Data!C5)) -> Fort Worth | D5: =UPPER(TRIM(Raw_Property_Data!D5)) -> TX | E5: =IF(TRIM(Raw_Property_Data!E5)="","Unknown",TRIM(Raw_Property_Data!E5)) -> 78703 | F5: =VALUE(SUBSTITUTE(SUBSTITUTE(Raw_Property_Data!F5,"$",""),",","")) -> 220111 | G5: =Raw_Property_Data!G5 -> 4 | H5: =PROPER(TRIM(Raw_Property_Data!H5)) -> House | I5: =IFERROR(DATEVALUE(Raw_Property_Data!I5),Raw_Property_Data!I5) -> 45366 | J5: =IF(COUNTIF($A$5:A5,A5)=1,"Keep","Remove (Duplicate)") -> Keep | K5: =IF(E5="Unknown","Missing ZIP","OK") -> OK
A6: =TEXT(Raw_Property_Data!A6,"0") -> 1006 | B6: =TRIM(CLEAN(Raw_Property_Data!B6)) -> 115 Birch Blvd | C6: =PROPER(TRIM(Raw_Property_Data!C6)) -> Austin | D6: =UPPER(TRIM(Raw_Property_Data!D6)) -> TX | E6: =IF(TRIM(Raw_Property_Data!E6)="","Unknown",TRIM(Raw_Property_Data!E6)) -> 78705 | F6: =VALUE(SUBSTITUTE(SUBSTITUTE(Raw_Property_Data!F6,"$",""),",","")) -> 269724 | G6: =Raw_Property_Data!G6 -> 2 | H6: =PROPER(TRIM(Raw_Property_Data!H6)) -> Apartment | I6: =IFERROR(DATEVALUE(Raw_Property_Data!I6),Raw_Property_Data!I6) -> 45366 | J6: =IF(COUNTIF($A$5:A6,A6)=1,"Keep","Remove (Duplicate)") -> Keep | K6: =IF(E6="Unknown","Missing ZIP","OK") -> OK
A7: =TEXT(Raw_Property_Data!A7,"0") -> 1011 | B7: =TRIM(CLEAN(Raw_Property_Data!B7)) -> 130 Elm St | C7: =PROPER(TRIM(Raw_Property_Data!C7)) -> Houston | D7: =UPPER(TRIM(Raw_Property_Data!D7)) -> TX | E7: =IF(TRIM(Raw_Property_Data!E7)="","Unknown",TRIM(Raw_Property_Data!E7)) -> 78710 | F7: =VALUE(SUBSTITUTE(SUBSTITUTE(Raw_Property_Data!F7,"$",""),",","")) -> 390980 | G7: =Raw_Property_Data!G7 -> 3 | H7: =PROPER(TRIM(Raw_Property_Data!H7)) -> House | I7: =IFERROR(DATEVALUE(Raw_Property_Data!I7),Raw_Property_Data!I7) -> 45366 | J7: =IF(COUNTIF($A$5:A7,A7)=1,"Keep","Remove (Duplicate)") -> Keep | K7: =IF(E7="Unknown","Missing ZIP","OK") -> OK
A8: =TEXT(Raw_Property_Data!A8,"0") -> 1015 | B8: =TRIM(CLEAN(Raw_Property_Data!B8)) -> 142 Sunset Dr | C8: =PROPER(TRIM(Raw_Property_Data!C8)) -> Dallas | D8: =UPPER(TRIM(Raw_Property_Data!D8)) -> TX | E8: =IF(TRIM(Raw_Property_Data!E8)="","Unknown",TRIM(Raw_Property_Data!E8)) -> Unknown | F8: =VALUE(SUBSTITUTE(SUBSTITUTE(Raw_Property_Data!F8,"$",""),",","")) -> 477287 | G8: =Raw_Property_Data!G8 -> 3 | H8: =PROPER(TRIM(Raw_Property_Data!H8)) -> House | I8: =IFERROR(DATEVALUE(Raw_Property_Data!I8),Raw_Property_Data!I8) -> 45366 | J8: =IF(COUNTIF($A$5:A8,A8)=1,"Keep","Remove (Duplicate)") -> Keep | K8: =IF(E8="Unknown","Missing ZIP","OK") -> Missing ZIP
A9: =TEXT(Raw_Property_Data!A9,"0") -> 1003 | B9: =TRIM(CLEAN(Raw_Property_Data!B9)) -> 106 Oak Ave | C9: =PROPER(TRIM(Raw_Property_Data!C9)) -> Dallas | D9: =UPPER(TRIM(Raw_Property_Data!D9)) -> TX | E9: =IF(TRIM(Raw_Property_Data!E9)="","Unknown",TRIM(Raw_Property_Data!E9)) -> Unknown | F9: =VALUE(SUBSTITUTE(SUBSTITUTE(Raw_Property_Data!F9,"$",""),",","")) -> 201279 | G9: =Raw_Property_Data!G9 -> 5 | H9: =PROPER(TRIM(Raw_Property_Data!H9)) -> House | I9: =IFERROR(DATEVALUE(Raw_Property_Data!I9),Raw_Property_Data!I9) -> 45366 | J9: =IF(COUNTIF($A$5:A9,A9)=1,"Keep","Remove (Duplicate)") -> Keep | K9: =IF(E9="Unknown","Missing ZIP","OK") -> Missing ZIP
A10: =TEXT(Raw_Property_Data!A10,"0") -> 1011 | B10: =TRIM(CLEAN(Raw_Property_Data!B10)) -> 130 Elm St | C10: =PROPER(TRIM(Raw_Property_Data!C10)) -> Houston | D10: =UPPER(TRIM(Raw_Property_Data!D10)) -> TX | E10: =IF(TRIM(Raw_Property_Data!E10)="","Unknown",TRIM(Raw_Property_Data!E10)) -> 78710 | F10: =VALUE(SUBSTITUTE(SUBSTITUTE(Raw_Property_Data!F10,"$",""),",","")) -> 390980 | G10: =Raw_Property_Data!G10 -> 3 | H10: =PROPER(TRIM(Raw_Property_Data!H10)) -> House | I10: =IFERROR(DATEVALUE(Raw_Property_Data!I10),Raw_Property_Data!I10) -> 45366 | J10: =IF(COUNTIF($A$5:A10,A10)=1,"Keep","Remove (Duplicate)") -> Remove (Duplicate) | K10: =IF(E10="Unknown","Missing ZIP","OK") -> OK
A11: =TEXT(Raw_Property_Data!A11,"0") -> 1007 | B11: =TRIM(CLEAN(Raw_Property_Data!B11)) -> 118 Lake View Dr | C11: =PROPER(TRIM(Raw_Property_Data!C11)) -> Houston | D11: =UPPER(TRIM(Raw_Property_Data!D11)) -> TX | E11: =IF(TRIM(Raw_Property_Data!E11)="","Unknown",TRIM(Raw_Property_Data!E11)) -> 78706 | F11: =VALUE(SUBSTITUTE(SUBSTITUTE(Raw_Property_Data!F11,"$",""),",","")) -> 294527 | G11: =Raw_Property_Data!G11 -> 5 | H11: =PROPER(TRIM(Raw_Property_Data!H11)) -> House | I11: =IFERROR(DATEVALUE(Raw_Property_Data!I11),Raw_Property_Data!I11) -> 45366 | J11: =IF(COUNTIF($A$5:A11,A11)=1,"Keep","Remove (Duplicate)") -> Keep | K11: =IF(E11="Unknown","Missing ZIP","OK") -> OK
A12: =TEXT(Raw_Property_Data!A12,"0") -> 1012 | B12: =TRIM(CLEAN(Raw_Property_Data!B12)) -> 133 Elm St | C12: =PROPER(TRIM(Raw_Property_Data!C12)) -> Dallas | D12: =UPPER(TRIM(Raw_Property_Data!D12)) -> TX | E12: =IF(TRIM(Raw_Property_Data!E12)="","Unknown",TRIM(Raw_Property_Data!E12)) -> 78711 | F12: =VALUE(SUBSTITUTE(SUBSTITUTE(Raw_Property_Data!F12,"$",""),",","")) -> 410716 | G12: =Raw_Property_Data!G12 -> 3 | H12: =PROPER(TRIM(Raw_Property_Data!H12)) -> House | I12: =IFERROR(DATEVALUE(Raw_Property_Data!I12),Raw_Property_Data!I12) -> 03/15/2024 | J12: =IF(COUNTIF($A$5:A12,A12)=1,"Keep","Remove (Duplicate)") -> Keep | K12: =IF(E12="Unknown","Missing ZIP","OK") -> OK
A13: =TEXT(Raw_Property_Data!A13,"0") -> 1002 | B13: =TRIM(CLEAN(Raw_Property_Data!B13)) -> 103 Oak Ave | C13: =PROPER(TRIM(Raw_Property_Data!C13)) -> Fort Worth | D13: =UPPER(TRIM(Raw_Property_Data!D13)) -> TX | E13: =IF(TRIM(Raw_Property_Data!E13)="","Unknown",TRIM(Raw_Property_Data!E13)) -> 78701 | F13: =VALUE(SUBSTITUTE(SUBSTITUTE(Raw_Property_Data!F13,"$",""),",","")) -> 179174 | G13: =Raw_Property_Data!G13 -> 4 | H13: =PROPER(TRIM(Raw_Property_Data!H13)) -> House | I13: =IFERROR(DATEVALUE(Raw_Property_Data!I13),Raw_Property_Data!I13) -> 03/15/2024 | J13: =IF(COUNTIF($A$5:A13,A13)=1,"Keep","Remove (Duplicate)") -> Keep | K13: =IF(E13="Unknown","Missing ZIP","OK") -> OK
A14: =TEXT(Raw_Property_Data!A14,"0") -> 1001 | B14: =TRIM(CLEAN(Raw_Property_Data!B14)) -> 100 Oak Ave | C14: =PROPER(TRIM(Raw_Property_Data!C14)) -> Austin | D14: =UPPER(TRIM(Raw_Property_Data!D14)) -> TX | E14: =IF(TRIM(Raw_Property_Data!E14)="","Unknown",TRIM(Raw_Property_Data!E14)) -> 78700 | F14: =VALUE(SUBSTITUTE(SUBSTITUTE(Raw_Property_Data!F14,"$",""),",","")) -> 150012 | G14: =Raw_Property_Data!G14 -> 3 | H14: =PROPER(TRIM(Raw_Property_Data!H14)) -> Condo | I14: =IFERROR(DATEVALUE(Raw_Property_Data!I14),Raw_Property_Data!I14) -> 45366 | J14: =IF(COUNTIF($A$5:A14,A14)=1,"Keep","Remove (Duplicate)") -> Keep | K14: =IF(E14="Unknown","Missing ZIP","OK") -> OK
A15: =TEXT(Raw_Property_Data!A15,"0") -> 1016 | B15: =TRIM(CLEAN(Raw_Property_Data!B15)) -> 145 Cedar Ln | C15: =PROPER(TRIM(Raw_Property_Data!C15)) -> Fort Worth | D15: =UPPER(TRIM(Raw_Property_Data!D15)) -> TX | E15: =IF(TRIM(Raw_Property_Data!E15)="","Unknown",TRIM(Raw_Property_Data!E15)) -> 78715 | F15: =VALUE(SUBSTITUTE(SUBSTITUTE(Raw_Property_Data!F15,"$",""),",","")) -> 508060 | G15: =Raw_Property_Data!G15 -> 4 | H15: =PROPER(TRIM(Raw_Property_Data!H15)) -> Apartment | I15: =IFERROR(DATEVALUE(Raw_Property_Data!I15),Raw_Property_Data!I15) -> 03/15/2024 | J15: =IF(COUNTIF($A$5:A15,A15)=1,"Keep","Remove (Duplicate)") -> Keep | K15: =IF(E15="Unknown","Missing ZIP","OK") -> OK
A16: =TEXT(Raw_Property_Data!A16,"0") -> 1005 | B16: =TRIM(CLEAN(Raw_Property_Data!B16)) -> 112 Maple St | C16: =PROPER(TRIM(Raw_Property_Data!C16)) -> Dallas | D16: =UPPER(TRIM(Raw_Property_Data!D16)) -> TX | E16: =IF(TRIM(Raw_Property_Data!E16)="","Unknown",TRIM(Raw_Property_Data!E16)) -> 78704 | F16: =VALUE(SUBSTITUTE(SUBSTITUTE(Raw_Property_Data!F16,"$",""),",","")) -> 245574 | G16: =Raw_Property_Data!G16 -> 3 | H16: =PROPER(TRIM(Raw_Property_Data!H16)) -> Condo | I16: =IFERROR(DATEVALUE(Raw_Property_Data!I16),Raw_Property_Data!I16) -> 03/15/2024 | J16: =IF(COUNTIF($A$5:A16,A16)=1,"Keep","Remove (Duplicate)") -> Keep | K16: =IF(E16="Unknown","Missing ZIP","OK") -> OK
... A24: =TEXT(Raw_Property_Data!A24,"0") -> 1006 | B24: =TRIM(CLEAN(Raw_Property_Data!B24)) -> 115 Birch Blvd | C24: =PROPER(TRIM(Raw_Property_Data!C24)) -> Austin | D24: =UPPER(TRIM(Raw_Property_Data!D24)) -> TX | E24: =IF(TRIM(Raw_Property_Data!E24)="","Unknown",TRIM(Raw_Property_Data!E24)) -> 78705 | F24: =VALUE(SUBSTITUTE(SUBSTITUTE(Raw_Property_Data!F24,"$",""),",","")) -> 269724 | G24: =Raw_Property_Data!G24 -> 2 | H24: =PROPER(TRIM(Raw_Property_Data!H24)) -> Apartment | I24: =IFERROR(DATEVALUE(Raw_Property_Data!I24),Raw_Property_Data!I24) -> 45366 | J24: =IF(COUNTIF($A$5:A24,A24)=1,"Keep","Remove (Duplicate)") -> Remove (Duplicate) | K24: =IF(E24="Unknown","Missing ZIP","OK") -> OK

Sheet Final_Data
A1: Final Cleaned & Merged Property Data
A2: Duplicates removed, blanks handled, text standardized, merged with Historical_Sales.
A4: Property ID | B4: Address | C4: City | D4: State | E4: ZIP Code | F4: Property Type | G4: Bedrooms | H4: Price | I4: Sale Date | J4: Previous Sale Price | K4: Previous Sale Date | L4: Price Increase | M4: Price Appreciation %
A5: =Cleaned_Property_Data!A5 -> 1004 | B5: =Cleaned_Property_Data!B5 -> 109 Elm St | C5: =Cleaned_Property_Data!C5 -> Fort Worth | D5: =Cleaned_Property_Data!D5 -> TX | E5: =Cleaned_Property_Data!E5 -> 78703 | F5: =Cleaned_Property_Data!H5 -> House | G5: =Cleaned_Property_Data!G5 -> 4 | H5: =Cleaned_Property_Data!F5 -> 220111 | I5: =Cleaned_Property_Data!I5 -> 45366 | J5: =IFERROR(INDEX(HistoricalSales[Previous Sale Price],MATCH(A5,HistoricalSales[Property ID],0)),"Not Found") -> Not Found | K5: =IFERROR(INDEX(HistoricalSales[Sale Date],MATCH(A5,HistoricalSales[Property ID],0)),"Not Found") -> Not Found | L5: =IF(J5="Not Found","Not Found",H5-VALUE(SUBSTITUTE(SUBSTITUTE(J5,"$",""),",",""))) -> Not Found | M5: =IF(J5="Not Found","Not Found",L5/VALUE(SUBSTITUTE(SUBSTITUTE(J5,"$",""),",",""))) -> Not Found
A6: =Cleaned_Property_Data!A6 -> 1006 | B6: =Cleaned_Property_Data!B6 -> 115 Birch Blvd | C6: =Cleaned_Property_Data!C6 -> Austin | D6: =Cleaned_Property_Data!D6 -> TX | E6: =Cleaned_Property_Data!E6 -> 78705 | F6: =Cleaned_Property_Data!H6 -> Apartment | G6: =Cleaned_Property_Data!G6 -> 2 | H6: =Cleaned_Property_Data!F6 -> 269724 | I6: =Cleaned_Property_Data!I6 -> 45366 | J6: =IFERROR(INDEX(HistoricalSales[Previous Sale Price],MATCH(A6,HistoricalSales[Property ID],0)),"Not Found") -> Not Found | K6: =IFERROR(INDEX(HistoricalSales[Sale Date],MATCH(A6,HistoricalSales[Property ID],0)),"Not Found") -> Not Found | L6: =IF(J6="Not Found","Not Found",H6-VALUE(SUBSTITUTE(SUBSTITUTE(J6,"$",""),",",""))) -> Not Found | M6: =IF(J6="Not Found","Not Found",L6/VALUE(SUBSTITUTE(SUBSTITUTE(J6,"$",""),",",""))) -> Not Found
A7: =Cleaned_Property_Data!A7 -> 1011 | B7: =Cleaned_Property_Data!B7 -> 130 Elm St | C7: =Cleaned_Property_Data!C7 -> Houston | D7: =Cleaned_Property_Data!D7 -> TX | E7: =Cleaned_Property_Data!E7 -> 78710 | F7: =Cleaned_Property_Data!H7 -> House | G7: =Cleaned_Property_Data!G7 -> 3 | H7: =Cleaned_Property_Data!F7 -> 390980 | I7: =Cleaned_Property_Data!I7 -> 45366 | J7: =IFERROR(INDEX(HistoricalSales[Previous Sale Price],MATCH(A7,HistoricalSales[Property ID],0)),"Not Found") -> 334295 | K7: =IFERROR(INDEX(HistoricalSales[Sale Date],MATCH(A7,HistoricalSales[Property ID],0)),"Not Found") -> 01/10/2021 | L7: =IF(J7="Not Found","Not Found",H7-VALUE(SUBSTITUTE(SUBSTITUTE(J7,"$",""),",",""))) -> 56685 | M7: =IF(J7="Not Found","Not Found",L7/VALUE(SUBSTITUTE(SUBSTITUTE(J7,"$",""),",",""))) -> 0.1695658
A8: =Cleaned_Property_Data!A8 -> 1015 | B8: =Cleaned_Property_Data!B8 -> 142 Sunset Dr | C8: =Cleaned_Property_Data!C8 -> Dallas | D8: =Cleaned_Property_Data!D8 -> TX | E8: =Cleaned_Property_Data!E8 -> Unknown | F8: =Cleaned_Property_Data!H8 -> House | G8: =Cleaned_Property_Data!G8 -> 3 | H8: =Cleaned_Property_Data!F8 -> 477287 | I8: =Cleaned_Property_Data!I8 -> 45366 | J8: =IFERROR(INDEX(HistoricalSales[Previous Sale Price],MATCH(A8,HistoricalSales[Property ID],0)),"Not Found") -> 407646 | K8: =IFERROR(INDEX(HistoricalSales[Sale Date],MATCH(A8,HistoricalSales[Property ID],0)),"Not Found") -> 10-Jan-2021 | L8: =IF(J8="Not Found","Not Found",H8-VALUE(SUBSTITUTE(SUBSTITUTE(J8,"$",""),",",""))) -> 69641 | M8: =IF(J8="Not Found","Not Found",L8/VALUE(SUBSTITUTE(SUBSTITUTE(J8,"$",""),",",""))) -> 0.17083695
A9: =Cleaned_Property_Data!A9 -> 1003 | B9: =Cleaned_Property_Data!B9 -> 106 Oak Ave | C9: =Cleaned_Property_Data!C9 -> Dallas | D9: =Cleaned_Property_Data!D9 -> TX | E9: =Cleaned_Property_Data!E9 -> Unknown | F9: =Cleaned_Property_Data!H9 -> House | G9: =Cleaned_Property_Data!G9 -> 5 | H9: =Cleaned_Property_Data!F9 -> 201279 | I9: =Cleaned_Property_Data!I9 -> 45366 | J9: =IFERROR(INDEX(HistoricalSales[Previous Sale Price],MATCH(A9,HistoricalSales[Property ID],0)),"Not Found") -> 165949 | K9: =IFERROR(INDEX(HistoricalSales[Sale Date],MATCH(A9,HistoricalSales[Property ID],0)),"Not Found") -> 01/10/2021 | L9: =IF(J9="Not Found","Not Found",H9-VALUE(SUBSTITUTE(SUBSTITUTE(J9,"$",""),",",""))) -> 35330 | M9: =IF(J9="Not Found","Not Found",L9/VALUE(SUBSTITUTE(SUBSTITUTE(J9,"$",""),",",""))) -> 0.21289673
A10: =Cleaned_Property_Data!A11 -> 1007 | B10: =Cleaned_Property_Data!B11 -> 118 Lake View Dr | C10: =Cleaned_Property_Data!C11 -> Houston | D10: =Cleaned_Property_Data!D11 -> TX | E10: =Cleaned_Property_Data!E11 -> 78706 | F10: =Cleaned_Property_Data!H11 -> House | G10: =Cleaned_Property_Data!G11 -> 5 | H10: =Cleaned_Property_Data!F11 -> 294527 | I10: =Cleaned_Property_Data!I11 -> 45366 | J10: =IFERROR(INDEX(HistoricalSales[Previous Sale Price],MATCH(A10,HistoricalSales[Property ID],0)),"Not Found") -> 252962 | K10: =IFERROR(INDEX(HistoricalSales[Sale Date],MATCH(A10,HistoricalSales[Property ID],0)),"Not Found") -> 01/10/2021 | L10: =IF(J10="Not Found","Not Found",H10-VALUE(SUBSTITUTE(SUBSTITUTE(J10,"$",""),",",""))) -> 41565 | M10: =IF(J10="Not Found","Not Found",L10/VALUE(SUBSTITUTE(SUBSTITUTE(J10,"$",""),",",""))) -> 0.16431322
A11: =Cleaned_Property_Data!A12 -> 1012 | B11: =Cleaned_Property_Data!B12 -> 133 Elm St | C11: =Cleaned_Property_Data!C12 -> Dallas | D11: =Cleaned_Property_Data!D12 -> TX | E11: =Cleaned_Property_Data!E12 -> 78711 | F11: =Cleaned_Property_Data!H12 -> House | G11: =Cleaned_Property_Data!G12 -> 3 | H11: =Cleaned_Property_Data!F12 -> 410716 | I11: =Cleaned_Property_Data!I12 -> 03/15/2024 | J11: =IFERROR(INDEX(HistoricalSales[Previous Sale Price],MATCH(A11,HistoricalSales[Property ID],0)),"Not Found") -> $354,813 | K11: =IFERROR(INDEX(HistoricalSales[Sale Date],MATCH(A11,HistoricalSales[Property ID],0)),"Not Found") -> 2021-01-10 | L11: =IF(J11="Not Found","Not Found",H11-VALUE(SUBSTITUTE(SUBSTITUTE(J11,"$",""),",",""))) -> 55903 | M11: =IF(J11="Not Found","Not Found",L11/VALUE(SUBSTITUTE(SUBSTITUTE(J11,"$",""),",",""))) -> 0.15755623
A12: =Cleaned_Property_Data!A13 -> 1002 | B12: =Cleaned_Property_Data!B13 -> 103 Oak Ave | C12: =Cleaned_Property_Data!C13 -> Fort Worth | D12: =Cleaned_Property_Data!D13 -> TX | E12: =Cleaned_Property_Data!E13 -> 78701 | F12: =Cleaned_Property_Data!H13 -> House | G12: =Cleaned_Property_Data!G13 -> 4 | H12: =Cleaned_Property_Data!F13 -> 179174 | I12: =Cleaned_Property_Data!I13 -> 03/15/2024 | J12: =IFERROR(INDEX(HistoricalSales[Previous Sale Price],MATCH(A12,HistoricalSales[Property ID],0)),"Not Found") -> $146,403 | K12: =IFERROR(INDEX(HistoricalSales[Sale Date],MATCH(A12,HistoricalSales[Property ID],0)),"Not Found") -> 10-Jan-2021 | L12: =IF(J12="Not Found","Not Found",H12-VALUE(SUBSTITUTE(SUBSTITUTE(J12,"$",""),",",""))) -> 32771 | M12: =IF(J12="Not Found","Not Found",L12/VALUE(SUBSTITUTE(SUBSTITUTE(J12,"$",""),",",""))) -> 0.22384104
A13: =Cleaned_Property_Data!A14 -> 1001 | B13: =Cleaned_Property_Data!B14 -> 100 Oak Ave | C13: =Cleaned_Property_Data!C14 -> Austin | D13: =Cleaned_Property_Data!D14 -> TX | E13: =Cleaned_Property_Data!E14 -> 78700 | F13: =Cleaned_Property_Data!H14 -> Condo | G13: =Cleaned_Property_Data!G14 -> 3 | H13: =Cleaned_Property_Data!F14 -> 150012 | I13: =Cleaned_Property_Data!I14 -> 45366 | J13: =IFERROR(INDEX(HistoricalSales[Previous Sale Price],MATCH(A13,HistoricalSales[Property ID],0)),"Not Found") -> 133689 | K13: =IFERROR(INDEX(HistoricalSales[Sale Date],MATCH(A13,HistoricalSales[Property ID],0)),"Not Found") -> 01/10/2021 | L13: =IF(J13="Not Found","Not Found",H13-VALUE(SUBSTITUTE(SUBSTITUTE(J13,"$",""),",",""))) -> 16323 | M13: =IF(J13="Not Found","Not Found",L13/VALUE(SUBSTITUTE(SUBSTITUTE(J13,"$",""),",",""))) -> 0.12209681
A14: =Cleaned_Property_Data!A15 -> 1016 | B14: =Cleaned_Property_Data!B15 -> 145 Cedar Ln | C14: =Cleaned_Property_Data!C15 -> Fort Worth | D14: =Cleaned_Property_Data!D15 -> TX | E14: =Cleaned_Property_Data!E15 -> 78715 | F14: =Cleaned_Property_Data!H15 -> Apartment | G14: =Cleaned_Property_Data!G15 -> 4 | H14: =Cleaned_Property_Data!F15 -> 508060 | I14: =Cleaned_Property_Data!I15 -> 03/15/2024 | J14: =IFERROR(INDEX(HistoricalSales[Previous Sale Price],MATCH(A14,HistoricalSales[Property ID],0)),"Not Found") -> Not Found | K14: =IFERROR(INDEX(HistoricalSales[Sale Date],MATCH(A14,HistoricalSales[Property ID],0)),"Not Found") -> Not Found | L14: =IF(J14="Not Found","Not Found",H14-VALUE(SUBSTITUTE(SUBSTITUTE(J14,"$",""),",",""))) -> Not Found | M14: =IF(J14="Not Found","Not Found",L14/VALUE(SUBSTITUTE(SUBSTITUTE(J14,"$",""),",",""))) -> Not Found
A15: =Cleaned_Property_Data!A16 -> 1005 | B15: =Cleaned_Property_Data!B16 -> 112 Maple St | C15: =Cleaned_Property_Data!C16 -> Dallas | D15: =Cleaned_Property_Data!D16 -> TX | E15: =Cleaned_Property_Data!E16 -> 78704 | F15: =Cleaned_Property_Data!H16 -> Condo | G15: =Cleaned_Property_Data!G16 -> 3 | H15: =Cleaned_Property_Data!F16 -> 245574 | I15: =Cleaned_Property_Data!I16 -> 03/15/2024 | J15: =IFERROR(INDEX(HistoricalSales[Previous Sale Price],MATCH(A15,HistoricalSales[Property ID],0)),"Not Found") -> 206832 | K15: =IFERROR(INDEX(HistoricalSales[Sale Date],MATCH(A15,HistoricalSales[Property ID],0)),"Not Found") -> 2021-01-10 | L15: =IF(J15="Not Found","Not Found",H15-VALUE(SUBSTITUTE(SUBSTITUTE(J15,"$",""),",",""))) -> 38742 | M15: =IF(J15="Not Found","Not Found",L15/VALUE(SUBSTITUTE(SUBSTITUTE(J15,"$",""),",",""))) -> 0.18731144
A16: =Cleaned_Property_Data!A17 -> 1009 | B16: =Cleaned_Property_Data!B17 -> 124 Oak Ave | C16: =Cleaned_Property_Data!C17 -> Austin | D16: =Cleaned_Property_Data!D17 -> TX | E16: =Cleaned_Property_Data!E17 -> 78708 | F16: =Cleaned_Property_Data!H17 -> Condo | G16: =Cleaned_Property_Data!G17 -> 2 | H16: =Cleaned_Property_Data!F17 -> 338741 | I16: =Cleaned_Property_Data!I17 -> 03/15/2024 | J16: =IFERROR(INDEX(HistoricalSales[Previous Sale Price],MATCH(A16,HistoricalSales[Property ID],0)),"Not Found") -> 290038 | K16: =IFERROR(INDEX(HistoricalSales[Sale Date],MATCH(A16,HistoricalSales[Property ID],0)),"Not Found") -> 01/10/2021 | L16: =IF(J16="Not Found","Not Found",H16-VALUE(SUBSTITUTE(SUBSTITUTE(J16,"$",""),",",""))) -> 48703 | M16: =IF(J16="Not Found","Not Found",L16/VALUE(SUBSTITUTE(SUBSTITUTE(J16,"$",""),",",""))) -> 0.16791938
A17: =Cleaned_Property_Data!A18 -> 1008 | B17: =Cleaned_Property_Data!B18 -> 121 Oak Ave | C17: =Cleaned_Property_Data!C18 -> Fort Worth | D17: =Cleaned_Property_Data!D18 -> TX | E17: =Cleaned_Property_Data!E18 -> 78707 | F17: =Cleaned_Property_Data!H18 -> Condo | G17: =Cleaned_Property_Data!G18 -> 5 | H17: =Cleaned_Property_Data!F18 -> 316425 | I17: =Cleaned_Property_Data!I18 -> 45366 | J17: =IFERROR(INDEX(HistoricalSales[Previous Sale Price],MATCH(A17,HistoricalSales[Property ID],0)),"Not Found") -> $272,787 | K17: =IFERROR(INDEX(HistoricalSales[Sale Date],MATCH(A17,HistoricalSales[Property ID],0)),"Not Found") -> 10-Jan-2021 | L17: =IF(J17="Not Found","Not Found",H17-VALUE(SUBSTITUTE(SUBSTITUTE(J17,"$",""),",",""))) -> 43638 | M17: =IF(J17="Not Found","Not Found",L17/VALUE(SUBSTITUTE(SUBSTITUTE(J17,"$",""),",",""))) -> 0.15997097
A18: =Cleaned_Property_Data!A19 -> 1010 | B18: =Cleaned_Property_Data!B19 -> 127 Willow Ct | C18: =Cleaned_Property_Data!C19 -> Houston | D18: =Cleaned_Property_Data!D19 -> TX | E18: =Cleaned_Property_Data!E19 -> Unknown | F18: =Cleaned_Property_Data!H19 -> Apartment | G18: =Cleaned_Property_Data!G19 -> 3 | H18: =Cleaned_Property_Data!F19 -> 363477 | I18: =Cleaned_Property_Data!I19 -> 45366 | J18: =IFERROR(INDEX(HistoricalSales[Previous Sale Price],MATCH(A18,HistoricalSales[Property ID],0)),"Not Found") -> $307,103 | K18: =IFERROR(INDEX(HistoricalSales[Sale Date],MATCH(A18,HistoricalSales[Property ID],0)),"Not Found") -> 10-Jan-2021 | L18: =IF(J18="Not Found","Not Found",H18-VALUE(SUBSTITUTE(SUBSTITUTE(J18,"$",""),",",""))) -> 56374 | M18: =IF(J18="Not Found","Not Found",L18/VALUE(SUBSTITUTE(SUBSTITUTE(J18,"$",""),",",""))) -> 0.18356708
A19: =Cleaned_Property_Data!A20 -> 1017 | B19: =Cleaned_Property_Data!B20 -> 148 Pine Rd | C19: =Cleaned_Property_Data!C20 -> Fort Worth | D19: =Cleaned_Property_Data!D20 -> TX | E19: =Cleaned_Property_Data!E20 -> 78716 | F19: =Cleaned_Property_Data!H20 -> House | G19: =Cleaned_Property_Data!G20 -> 2 | H19: =Cleaned_Property_Data!F20 -> 523489 | I19: =Cleaned_Property_Data!I20 -> 03/15/2024 | J19: =IFERROR(INDEX(HistoricalSales[Previous Sale Price],MATCH(A19,HistoricalSales[Property ID],0)),"Not Found") -> 453727 | K19: =IFERROR(INDEX(HistoricalSales[Sale Date],MATCH(A19,HistoricalSales[Property ID],0)),"Not Found") -> 01/10/2021 | L19: =IF(J19="Not Found","Not Found",H19-VALUE(SUBSTITUTE(SUBSTITUTE(J19,"$",""),",",""))) -> 69762 | M19: =IF(J19="Not Found","Not Found",L19/VALUE(SUBSTITUTE(SUBSTITUTE(J19,"$",""),",",""))) -> 0.15375325
A20: =Cleaned_Property_Data!A21 -> 1013 | B20: =Cleaned_Property_Data!B21 -> 136 Birch Blvd | C20: =Cleaned_Property_Data!C21 -> Austin | D20: =Cleaned_Property_Data!D21 -> TX | E20: =Cleaned_Property_Data!E21 -> 78712 | F20: =Cleaned_Property_Data!H21 -> Townhouse | G20: =Cleaned_Property_Data!G21 -> 3 | H20: =Cleaned_Property_Data!F21 -> 428525 | I20: =Cleaned_Property_Data!I21 -> 45366 | J20: =IFERROR(INDEX(HistoricalSales[Previous Sale Price],MATCH(A20,HistoricalSales[Property ID],0)),"Not Found") -> Not Found | K20: =IFERROR(INDEX(HistoricalSales[Sale Date],MATCH(A20,HistoricalSales[Property ID],0)),"Not Found") -> Not Found | L20: =IF(J20="Not Found","Not Found",H20-VALUE(SUBSTITUTE(SUBSTITUTE(J20,"$",""),",",""))) -> Not Found | M20: =IF(J20="Not Found","Not Found",L20/VALUE(SUBSTITUTE(SUBSTITUTE(J20,"$",""),",",""))) -> Not Found
A21: =Cleaned_Property_Data!A23 -> 1014 | B21: =Cleaned_Property_Data!B23 -> 139 Oak Ave | C21: =Cleaned_Property_Data!C23 -> Dallas | D21: =Cleaned_Property_Data!D23 -> TX | E21: =Cleaned_Property_Data!E23 -> 78713 | F21: =Cleaned_Property_Data!H23 -> Townhouse | G21: =Cleaned_Property_Data!G23 -> 4 | H21: =Cleaned_Property_Data!F23 -> 454983 | I21: =Cleaned_Property_Data!I23 -> 45366 | J21: =IFERROR(INDEX(HistoricalSales[Previous Sale Price],MATCH(A21,HistoricalSales[Property ID],0)),"Not Found") -> $393,005 | K21: =IFERROR(INDEX(HistoricalSales[Sale Date],MATCH(A21,HistoricalSales[Property ID],0)),"Not Found") -> 01/10/2021 | L21: =IF(J21="Not Found","Not Found",H21-VALUE(SUBSTITUTE(SUBSTITUTE(J21,"$",""),",",""))) -> 61978 | M21: =IF(J21="Not Found","Not Found",L21/VALUE(SUBSTITUTE(SUBSTITUTE(J21,"$",""),",",""))) -> 0.15770283
A24: Data Quality Check
A25: Duplicate Property IDs removed | B25: =COUNTIF(Cleaned_Property_Data!J5:J24,"Remove (Duplicate)") -> 3
A26: Missing ZIP codes (now 'Unknown') | B26: =COUNTIF(Cleaned_Property_Data!K5:K24,"Missing ZIP") -> 4
A27: Properties with no historical match ('Not Found') | B27: =COUNTIF(J5:J21,"Not Found") -> 4
A28: Total final (deduplicated) properties | B28: =COUNTA(A5:A21) -> 17
