Workbook

Sheet Raw Data
A1: Media Production Cost Tracking Dataset
A2: # Description :- Analyze a dataset detailing the production costs of various digital media assets. Write queries to categorize expreness between ultra realistic DSLR protrails and cinematic animation video,calculating the ROI for different media formats.
A4: Movie_ID | B4: Movie_Title | C4: Release_Year | D4: Genre | E4: Production_Cost_Million_USD | F4: Revenue_Million_USD | G4: IMDb_Rating | H4: ROI
A5: 1 | B5: Sky Warriors | C5: 2020 | D5: Action | E5: 45 | F5: 120 | G5: 8.1 | H5: =(F5-E5)/E5 -> 1.6666667
A6: 2 | B6: Love Again | C6: 2020 | D6: Romance | E6: 12 | F6: 55 | G6: 7.2 | H6: =(F6-E6)/E6 -> 3.5833333
A7: 3 | B7: Dark Forest | C7: 2021 | D7: Horror | E7: 18 | F7: 72 | G7: 7.8 | H7: =(F7-E7)/E7 -> 3
A8: 4 | B8: City Lights | C8: 2021 | D8: Drama | E8: 20 | F8: 68 | G8: 7.5 | H8: =(F8-E8)/E8 -> 2.4
A9: 5 | B9: Galaxy Quest | C9: 2022 | D9: Sci-Fi | E9: 80 | F9: 210 | G9: 8.4 | H9: =(F9-E9)/E9 -> 1.625
A10: 6 | B10: Funny Friends | C10: 2022 | D10: Comedy | E10: 10 | F10: 48 | G10: 6.9 | H10: =(F10-E10)/E10 -> 3.8
A11: 7 | B11: The Last Mission | C11: 2023 | D11: Action | E11: 60 | F11: 175 | G11: 8 | H11: =(F11-E11)/E11 -> 1.9166667
A12: 8 | B12: Summer Dreams | C12: 2023 | D12: Romance | E12: 15 | F12: 63 | G12: 7.1 | H12: =(F12-E12)/E12 -> 3.2
A13: 9 | B13: Ocean Deep | C13: 2024 | D13: Adventure | E13: 50 | F13: 145 | G13: 7.9 | H13: =(F13-E13)/E13 -> 1.9
A14: 10 | B14: Mystery House | C14: 2024 | D14: Thriller | E14: 25 | F14: 95 | G14: 7.6 | H14: =(F14-E14)/E14 -> 2.8
A15: 11 | B15: Future World | C15: 2025 | D15: Sci-Fi | E15: 75 | F15: 190 | G15: 8.2 | H15: =(F15-E15)/E15 -> 1.5333333
A16: 12 | B16: Family Time | C16: 2025 | D16: Drama | E16: 14 | F16: 52 | G16: 7.3 | H16: =(F16-E16)/E16 -> 2.7142857
... A39: 35 | B39: Dark Secrets | C39: 2024 | D39: Horror | E39: 21 | F39: 85 | G39: 7.6 | H39: =(F39-E39)/E39 -> 3.047619

Sheet Genre ROI Summary
A1: ROI by Genre (proxy for comparing media formats)
A4: Genre | B4: Titles | C4: Avg Production Cost ($M) | D4: Avg Revenue ($M) | E4: Avg ROI | F4: Avg IMDb Rating
A5: Action | B5: =COUNTIF('Raw Data'!$D$5:$D$39,A5) -> 5 | C5: =AVERAGEIF('Raw Data'!$D$5:$D$39,A5,'Raw Data'!$E$5:$E$39) -> 56 | D5: =AVERAGEIF('Raw Data'!$D$5:$D$39,A5,'Raw Data'!$F$5:$F$39) -> 151 | E5: =AVERAGEIF('Raw Data'!$D$5:$D$39,A5,'Raw Data'!$H$5:$H$39) -> 1.694329 | F5: =AVERAGEIF('Raw Data'!$D$5:$D$39,A5,'Raw Data'!$G$5:$G$39) -> 7.86
A6: Adventure | B6: =COUNTIF('Raw Data'!$D$5:$D$39,A6) -> 4 | C6: =AVERAGEIF('Raw Data'!$D$5:$D$39,A6,'Raw Data'!$E$5:$E$39) -> 43.75 | D6: =AVERAGEIF('Raw Data'!$D$5:$D$39,A6,'Raw Data'!$F$5:$F$39) -> 135 | E6: =AVERAGEIF('Raw Data'!$D$5:$D$39,A6,'Raw Data'!$H$5:$H$39) -> 2.1014881 | F6: =AVERAGEIF('Raw Data'!$D$5:$D$39,A6,'Raw Data'!$G$5:$G$39) -> 7.9
A7: Comedy | B7: =COUNTIF('Raw Data'!$D$5:$D$39,A7) -> 3 | C7: =AVERAGEIF('Raw Data'!$D$5:$D$39,A7,'Raw Data'!$E$5:$E$39) -> 10 | D7: =AVERAGEIF('Raw Data'!$D$5:$D$39,A7,'Raw Data'!$F$5:$F$39) -> 50.333333 | E7: =AVERAGEIF('Raw Data'!$D$5:$D$39,A7,'Raw Data'!$H$5:$H$39) -> 4.0242424 | F7: =AVERAGEIF('Raw Data'!$D$5:$D$39,A7,'Raw Data'!$G$5:$G$39) -> 6.9333333
A8: Drama | B8: =COUNTIF('Raw Data'!$D$5:$D$39,A8) -> 5 | C8: =AVERAGEIF('Raw Data'!$D$5:$D$39,A8,'Raw Data'!$E$5:$E$39) -> 19.8 | D8: =AVERAGEIF('Raw Data'!$D$5:$D$39,A8,'Raw Data'!$F$5:$F$39) -> 69.6 | E8: =AVERAGEIF('Raw Data'!$D$5:$D$39,A8,'Raw Data'!$H$5:$H$39) -> 2.5340414 | F8: =AVERAGEIF('Raw Data'!$D$5:$D$39,A8,'Raw Data'!$G$5:$G$39) -> 7.38
A9: Horror | B9: =COUNTIF('Raw Data'!$D$5:$D$39,A9) -> 4 | C9: =AVERAGEIF('Raw Data'!$D$5:$D$39,A9,'Raw Data'!$E$5:$E$39) -> 19.75 | D9: =AVERAGEIF('Raw Data'!$D$5:$D$39,A9,'Raw Data'!$F$5:$F$39) -> 79.75 | E9: =AVERAGEIF('Raw Data'!$D$5:$D$39,A9,'Raw Data'!$H$5:$H$39) -> 3.0639881 | F9: =AVERAGEIF('Raw Data'!$D$5:$D$39,A9,'Raw Data'!$G$5:$G$39) -> 7.65
A10: Romance | B10: =COUNTIF('Raw Data'!$D$5:$D$39,A10) -> 5 | C10: =AVERAGEIF('Raw Data'!$D$5:$D$39,A10,'Raw Data'!$E$5:$E$39) -> 14.2 | D10: =AVERAGEIF('Raw Data'!$D$5:$D$39,A10,'Raw Data'!$F$5:$F$39) -> 63.2 | E10: =AVERAGEIF('Raw Data'!$D$5:$D$39,A10,'Raw Data'!$H$5:$H$39) -> 3.4631954 | F10: =AVERAGEIF('Raw Data'!$D$5:$D$39,A10,'Raw Data'!$G$5:$G$39) -> 7.2
A11: Sci-Fi | B11: =COUNTIF('Raw Data'!$D$5:$D$39,A11) -> 5 | C11: =AVERAGEIF('Raw Data'!$D$5:$D$39,A11,'Raw Data'!$E$5:$E$39) -> 79 | D11: =AVERAGEIF('Raw Data'!$D$5:$D$39,A11,'Raw Data'!$F$5:$F$39) -> 204 | E11: =AVERAGEIF('Raw Data'!$D$5:$D$39,A11,'Raw Data'!$H$5:$H$39) -> 1.5713348 | F11: =AVERAGEIF('Raw Data'!$D$5:$D$39,A11,'Raw Data'!$G$5:$G$39) -> 8.22
A12: Thriller | B12: =COUNTIF('Raw Data'!$D$5:$D$39,A12) -> 4 | C12: =AVERAGEIF('Raw Data'!$D$5:$D$39,A12,'Raw Data'!$E$5:$E$39) -> 26.75 | D12: =AVERAGEIF('Raw Data'!$D$5:$D$39,A12,'Raw Data'!$F$5:$F$39) -> 104.5 | E12: =AVERAGEIF('Raw Data'!$D$5:$D$39,A12,'Raw Data'!$H$5:$H$39) -> 2.9087054 | F12: =AVERAGEIF('Raw Data'!$D$5:$D$39,A12,'Raw Data'!$G$5:$G$39) -> 7.675
A14: ALL TITLES | B14: =SUM(B5:B12) -> 35 | C14: =AVERAGE('Raw Data'!$E$5:$E$39) -> 35.314286 | D14: =AVERAGE('Raw Data'!$F$5:$F$39) -> 110.48571 | E14: =AVERAGE('Raw Data'!$H$5:$H$39) -> 2.5909702 | F14: =AVERAGE('Raw Data'!$G$5:$G$39) -> 7.6285714
